channel	readout_probe_id_L	readout_probe_sequence_L	readout_probe_id_R	readout_probe_sequence_R
488	P488L_1	TCATCTCAGTTAGT	P488R_1	TACTTACTCAGCAC
488	P488L_2	TGAATGACTTCTGG	P488R_2	TAGGTAACATCTGA
488	P488L_3	CGATGAGATTACAG	P488R_3	TCAAGGAGTAATCC
488	P488L_4	CAGATGCTTATTGA	P488R_4	GAATACAATAGCGG
488	P488L_5	CCTAAGTAGTGGAA	P488R_5	CATAAGAGGTCTGA
488	P488L_6	ATCCTCATTAGACA	P488R_6	TACAACGACGATTC
488	P488L_7	TTATGTCTTGTGGC	P488R_7	ACAGTTCTACGAAT
488	P488L_8	CTCGTATCCTTCTT	P488R_8	CCGTCATCACATTA
488	P488L_9	AATCGTGGTATCTA	P488R_9	TGTGGTTGTAGTAT
488	P488L_10	AAGATAAGTTCCTC	P488R_10	CGTATTCTTCCGAA
488	P488L_11	CTCATAACCTACCT	P488R_11	TGACACTATGATGT
488	P488L_12	TAGAGAGGTAGCAA	P488R_12	GCAAGAATAGACCA
488	P488L_13	CCTGTAACGAATAG	P488R_13	CAACCATTGAAGAC
488	P488L_14	GTATTTCCGATGAC	P488R_14	ACTAAAGGACCTAC
488	P488L_15	GAGGTTAGAGAAGC	P488R_15	GATGAAGCCTATTA
488	P488L_16	TTATGAGGTAGGTC	P488R_16	TTGGTAGAAGGATG
488	P488L_17	GAATGCCTTATCAC	P488R_17	CTGAACCGTGTAAT
488	P488L_18	ACTGGTGAATGGAT	P488R_18	GGATACATTGATGG
488	P488L_19	TCCATCTAACTTGC	P488R_19	GATGTAACACCTCT
488	P488L_20	CACAGTGATAATGC	P488R_20	GGATAACCACTGTC
488	P488L_21	GTGCGGACAATAAT	P488R_21	CTACAATCGTCAGC
488	P488L_22	GTGTTAGGTATTGG	P488R_22	CCAAGAGACAATCT
488	P488L_23	GCATAACCTAAGTG	P488R_23	ATTCCATTATGTGC
488	P488L_24	CTCACTGATACACT	P488R_24	AGTAATAGGCAAGA
488	P488L_25	CTTGTGGAGATTGT	P488R_25	CTTCAAGACTTACC
488	P488L_26	CGTTGAAGATAACC	P488R_26	CGACACTCATAGAA
488	P488L_27	CGCACATAATCAAT	P488R_27	GCACCGTTCTTATT
488	P488L_28	CGGTAATAAGTCTC	P488R_28	AACGATACTTGGTC
488	P488L_29	CAGAGTGTTCAATC	P488R_29	CTATGAAGGAGTCA
488	P488L_30	TCTAATGTCATCCT	P488R_30	CGGAATGGATTGTT
561	P561L_1	TCTAACATCGTGGA	P561R_1	TACCAGAATAACGG
561	P561L_2	TACGACCTATGTAA	P561R_2	GCATACAACTTCTC
561	P561L_3	TTACTCTGGCATAC	P561R_3	CGACGAGGATTTAT
561	P561L_4	CTCTTGGTCGTTAT	P561R_4	CGTAGTATTGAAGC
561	P561L_5	ACACATAACTCAGT	P561R_5	CATTCACTAAGACG
561	P561L_6	CCAAGTTACTGACA	P561R_6	AGTCTTAGTGGAAG
561	P561L_7	GTTCATTCAAGAGC	P561R_7	CCAATAGTAAGGCT
561	P561L_8	ACTGTAACCTAAGA	P561R_8	TCTAACTATGACCG
561	P561L_9	CGTTGTGATACTTC	P561R_9	TAGTATTGGTCACC
561	P561L_10	TACTTGACCTAACC	P561R_10	GCTAATACACACCA
561	P561L_11	GCCTTCATTCTAAT	P561R_11	CCTTCTTACATCCA
561	P561L_12	TAGGACTCTACAGA	P561R_12	CCTTGATTATCGTC
561	P561L_13	AATGGAGAATACCA	P561R_13	TACATTAGCCTCCA
561	P561L_14	CAGTATTCGTTAGG	P561R_14	TGGTATGAATCTGA
561	P561L_15	TAACTTACGCTGTG	P561R_15	CGGTGAATCCTTAG
561	P561L_16	CTACGCTTACAACG	P561R_16	TCACCTATCACTCC
561	P561L_17	TCTAAGAGATTCGC	P561R_17	CTGTGTTACTGTTG
561	P561L_18	TCAATCTTAGGTCG	P561R_18	GTATTGATAAGCCA
561	P561L_19	GTAAGCATAAGACT	P561R_19	GTCTGTTACAATCT
561	P561L_20	AACAGTCAATAGCC	P561R_20	GTGAATACACACTG
561	P561L_21	TAAGACTCTGAATC	P561R_21	CTAATGTTCAAGGA
561	P561L_22	GAGGATTCAATAGG	P561R_22	TCATTCCATTGTCT
561	P561L_23	ACAAGAGTGATGTA	P561R_23	AGATAACAGAAGTG
561	P561L_24	CACACTTGACTTGA	P561R_24	CTATTGTGGTTAGG
561	P561L_25	GAACCTGTAATACG	P561R_25	TTATGAACTGCCAC
561	P561L_26	AATGACCTATTGAC	P561R_26	CACATTGAGCCTTA
561	P561L_27	AGGATACTAATGCC	P561R_27	CACCATCATTCAAC
561	P561L_28	GTTCCTATCACTTC	P561R_28	TTGTAATAGGTGCC
561	P561L_29	GTGAATACTTGGAC	P561R_29	CATTAGATGTGCTC
561	P561L_30	CCACTCAGAGATTA	P561R_30	CAACCACCTAATGA
640	P640L_1	AATAGCGGAACTTG	P640R_1	TGAGCATAATGTGC
640	P640L_2	ATCCATCGTAAGAG	P640R_2	CAAGTTTAGCCTTC
640	P640L_3	CAGCGTAATACTTC	P640R_3	AGTTCGTTCTATGA
640	P640L_4	CATAGTGACAGAGT	P640R_4	AGAATGTGGAGAAG
640	P640L_5	CACTCCACTTATTA	P640R_5	GCCTATTCAGAACC
640	P640L_6	TTCACAATCAGGAG	P640R_6	GTAAGAGACATTGC
640	P640L_7	ATCCATACTCAACG	P640R_7	CAGGAGTAAACAGA
640	P640L_8	GTCCAGGCAATAAG	P640R_8	GCAGTTCTTAGACA
640	P640L_9	CTCATACGGTCATA	P640R_9	CGTTCTATTGATGG
640	P640L_10	GGAATAATCAGCCT	P640R_10	AATGTTCAAGACGA
640	P640L_11	TCCGTCTAATACTG	P640R_11	TATTCATCTGCTCT
640	P640L_12	ACACGATGAACTAC	P640R_12	AGAGTAGGAGTCTC
640	P640L_13	ATGACATTCAAGGA	P640R_13	GTAACGCTCCTATC
640	P640L_14	CGATTGGTCTATTG	P640R_14	TATCGTCGTCTAAT
640	P640L_15	GGATTCAACCTTAG	P640R_15	GGTAATCGGAACAT
640	P640L_16	TGTGCTCTTATCAG	P640R_16	CCGTGATAGACTCT
640	P640L_17	GGATTTCGTTTACC	P640R_17	CAAATAGCCCAAAG
640	P640L_18	ATGATTGACATCCT	P640R_18	ATCTCCTAAGTCCT
640	P640L_19	AGAATACTGAACGC	P640R_19	TTGTCACCAACTTA
640	P640L_20	CGCATAAGGCTTTA	P640R_20	GAGATTCAGATTGC
640	P640L_21	CCTGAAGAATGTTG	P640R_21	ATGCTAATAGGTGT
640	P640L_22	CTCTCACAACCTAA	P640R_22	CAAATGAAACCGAG
640	P640L_23	TTCTATGTGTTGGT	P640R_23	ATTACGATTCCGAC
640	P640L_24	TAGACAATGATGGT	P640R_24	ATCGGTCCTATTAC
640	P640L_25	GTTATGCTCAACCG	P640R_25	AGAGAATACTGACC
640	P640L_26	TCGGATAAGATTCA	P640R_26	GCGTGATTACTACG
640	P640L_27	CTTGCCTAACGATT	P640R_27	GGCTAACCTGTATT
640	P640L_28	AGGGTCTATTGAAG	P640R_28	AACCACTCGGATAA
640	P640L_29	TAAGATGGCAGATT	P640R_29	AGATTCATAAGACC
640	P640L_30	TGACACATTCTACG	P640R_30	ACTAAGTGTCCAAT