bit	channel	readout_probe_id	L/R	readout_probe_sequence
bit_1	488	1	L	TCATCTCAGTTAGT
bit_2	488	1	R	TACTTACTCAGCAC
bit_3	546	1	L	TCTAACATCGTGGA
bit_4	546	1	R	TACCAGAATAACGG
bit_5	647	1	L	AATAGCGGAACTTG
bit_6	647	1	R	TGAGCATAATGTGC
bit_7	488	2	L	TGAATGACTTCTGG
bit_8	488	2	R	TAGGTAACATCTGA
bit_9	546	2	L	TACGACCTATGTAA
bit_10	546	2	R	GCATACAACTTCTC
bit_11	647	2	L	ATCCATCGTAAGAG
bit_12	647	2	R	CAAGTTTAGCCTTC
bit_13	488	3	L	CGATGAGATTACAG
bit_14	488	3	R	TCAAGGAGTAATCC
bit_15	546	3	L	TTACTCTGGCATAC
bit_16	546	3	R	CGACGAGGATTTAT
bit_17	647	3	L	CAGCGTAATACTTC
bit_18	647	3	R	AGTTCGTTCTATGA
