bit	channel	readout_probe_id	readout_probe_sequence
bit_1	Alexa488	readout_probe::290	TTGGTAAGGATGGTTGTGGT
bit_2	Cy3b	readout_probe::441	GAAGGTTGGTGTTAGAAGGA
bit_3	Alexa647	readout_probe::465	GAGTGTAAGAGGTGTATGAG
bit_4	Alexa488	readout_probe::538	AGTGAGTAGTGGTTAGAGGT
bit_5	Cy3b	readout_probe::1178	GGAGAGTTATGTAGGATAGG
bit_6	Alexa647	readout_probe::1311	TGGATGATGTGAGGTGTAGT
bit_7	Alexa488	readout_probe::1420	GATAGTAGATTGGTGGTGGA
bit_8	Cy3b	readout_probe::1689	TGTAGGTGAGATATGAGTGG
bit_9	Alexa647	readout_probe::2169	GGATAGTAAGTGGTGTAGTG
bit_10	Alexa488	readout_probe::2196	TTAGGTTGGTTATGGTGTGG
bit_11	Cy3b	readout_probe::2426	GTAGATGAGTGAGGTAGAAG
bit_12	Alexa647	readout_probe::2496	GGTGTGTATGAGTGATTGAG
bit_13	Alexa488	readout_probe::3083	GGTGAATGTGATGTGAGGAA
bit_14	Cy3b	readout_probe::3184	GAGGTGATTGTATATGGAGG
bit_15	Alexa647	readout_probe::3195	GATGTTGAGTGGAGTAATGG
bit_16	Alexa488	readout_probe::3469	GAGTGGTTATGAGGAGATAG
