bit	barcode_round	pseudocolor	channel	readout_probe_sequence
bit_1	1	1	Alexa488	TTCGACGACACGAAG
bit_2	1	1	Cy3b	GATCGCCTATGCAGA
bit_3	1	1	Alexa647	TTAGAGGCGACGAAG
bit_4	1	2	Alexa488	TTTGTGACGTACGCA
bit_5	1	2	Cy3b	TGACGTAGGATTCTC
bit_6	1	2	Alexa647	TGGTGTGCGATACTA
bit_7	1	3	Alexa488	TCCGCTAGTCGAAAA
bit_8	1	3	Cy3b	GAGACTTGCACGGAT
bit_9	1	3	Alexa647	GACGGACTACGTAAT
bit_10	1	4	Alexa488	CTGTCGGACCGAATT
bit_11	1	4	Cy3b	GCAGATATGACGACT
bit_12	1	4	Alexa647	CGCGTAACGTTCATG
bit_13	2	1	Alexa488	CCTCTACGAGAGAGT
bit_14	2	1	Cy3b	TCCAAGTAAGGACGA
bit_15	2	1	Alexa647	TTTTCCGGTTCGTAG
bit_16	2	2	Alexa488	AGACACGGCTAGAGT
bit_17	2	2	Cy3b	ACAGCTACGGTCTAC
bit_18	2	2	Alexa647	AACATACCGGAGCGT
bit_19	2	3	Alexa488	AGCCCATACGCTTAT
bit_20	2	3	Cy3b	ATGTCAATCGGCGCA
bit_21	2	3	Alexa647	CGTTATCCGTGTGAC
bit_22	2	4	Alexa488	TTTTGAGCGAAACCG
bit_23	2	4	Cy3b	ACGACGGATAGTTCT
bit_24	2	4	Alexa647	CCGCGATTAAAGAGG
bit_25	3	1	Alexa488	ATGACGAGTGCAACG
bit_26	3	1	Cy3b	CTATACGTGCCAAGG
bit_27	3	1	Alexa647	TGGTTACCCGTATGC
bit_28	3	2	Alexa488	ATGCTATGCGCTGAA
bit_29	3	2	Cy3b	AATACGCCGGATCTC
bit_30	3	2	Alexa647	TACTATTCGCTTCGC
bit_31	3	3	Alexa488	CTAGCTATGTGCGGT
bit_32	3	3	Cy3b	CCGCCAATTTAGCTG
bit_33	3	3	Alexa647	GACGAGGATCGTAAG
bit_34	3	4	Alexa488	GATGATTGGTACAGC
bit_35	3	4	Cy3b	CTGCTAACGTACACT
bit_36	3	4	Alexa647	TTGCCCGCAACATGA
bit_37	4	1	Alexa488	AATATCGAGTGGCAG
bit_38	4	1	Cy3b	GGTCCGAACTAAGTG
bit_39	4	1	Alexa647	AGTTTACCGCTAGAC
bit_40	4	2	Alexa488	GACCGACGCAAATTA
bit_41	4	2	Cy3b	CTCACAGTTCGTATG
bit_42	4	2	Alexa647	ACAACCGTTACGTCC
bit_43	4	3	Alexa488	TACAACGACATCGAG
bit_44	4	3	Cy3b	ACTGAACGCTGCTTA
bit_45	4	3	Alexa647	AGATGCCCTACGTTA
bit_46	4	4	Alexa488	CATAGTCCTACCTTG
bit_47	4	4	Cy3b	GGTATAGTTCGGTGC
bit_48	4	4	Alexa647	AGCTAGTGCGGACTT
